sku_code,category,subcategory,collection,model_name,description,price_inr,style_tags,width_in,depth_in,dimension_source
K-5402IN-ZZ-0,toilet,,Veil Smart,Veil Smart,Veil ® Smart wall hung toilet with remote and Quiet-Close ™ seat cover,870000.0,minimalist;sleek;modern,16.0,27.0,llm_estimated
K-5401IN-0,toilet,,Veil Smart,Veil Smart,Veil ® smart one-piece toilet with remote and Quiet-Close ™ seat cover,850000.0,minimalist;modern,17.5,28.5,llm_estimated
K-28529IN-0,toilet,,Leap,Leap,Leap smart one-piece elongated toilet with remote and Quiet-Close,470000.0,contemporary;modern,17.0,29.0,llm_estimated
K-38519IN-0,toilet,,with Veil,with Veil,Veil ® wall hung toilet with PureWash ™ E910 electronic bidet seat cover,196000.0,sleek;minimalist,16.0,26.5,llm_estimated
K-26995IN-2-0,toilet,,with Brazn,with Brazn,Brazn wall hung toilet with PureWash E910 electronic bidet seat cover,191000.0,minimalist;modern,15.5,26.0,llm_estimated
K-28786IN-0,toilet,,C3-230 with Veil,C3-230 with Veil,Veil ® wall hung toilet with C3-230 electronic bidet seat cover,161000.0,minimalist;sleek,16.0,27.5,llm_estimated
K-27792IN-0,toilet,,PureWash E880,PureWash E880,with ModernLife ModernLife Edge wall hung toilet with PureWash E-880 electronic,121000.0,modern;contemporary,15.0,27.0,llm_estimated
K-31014IN-0,toilet,,C3-150 with Veil,C3-150 with Veil,Veil ® wall hung toilet with C3-150 electronic bidet seat cover,106000.0,minimalist;modern,16.0,27.0,llm_estimated
K-28362IN-2-0,toilet,,PureWash E910 EB,PureWash E910 EB,"PureWash E910 (Elongated) electronic bidet seat cover with remote, in",165000.0,modern;sleek,14.5,20.0,llm_estimated
K-28820IN-0,toilet,,PureWash E910,PureWash E910,"Round    PureWash E910 (Round) electronic bidet seat cover with remote, in",165000.0,modern;sleek,14.5,19.0,llm_estimated
K-4108IN-0,toilet,,C3-230,C3-230,"C3-230 electronic bidet seat cover with remote, in white (for Veil wall hung)",130000.0,minimalist;sleek;modern,16.0,28.0,llm_estimated
K-32387IN-0,toilet,,PureWash E880,PureWash E880,"PureWash E880 electronic bidet seat cover with remote, in white",87000.0,modern;sleek,16.0,28.0,llm_estimated
K-8297IN-0,toilet,,C3-150,C3-150,C3-150 electronic bidet seat cover in white (for Veil wall hung),75000.0,minimalist;modern,15.5,27.0,llm_estimated
K-8196IN-0,toilet,,PureClean Square,PureClean Square,PureClean square manual cleansing bidet seat in white:,11000.0,minimalist;sleek,15.0,26.0,llm_estimated
K-72757IN-0,toilet,,PureClean Oval,PureClean Oval,PureClean oval manual cleansing bidet seat in white:,11000.0,classic;traditional,15.0,26.5,llm_estimated
K-32275IN-HC-0,toilet,,PureWash,PureWash,M350 Round PureWash M350 round manual cleansing bidet seat in white,11000.0,traditional,14.5,26.0,llm_estimated
K-29958IN-0,toilet,,PureWash M120,PureWash M120,PureWash M120 manual cleansing bidet attachment in white,4500.0,minimalist,14.0,26.0,llm_estimated
K-8688T-S-0,toilet,,Grande,Grande,One-piece toilet with seat cover in white,63000.0,modern;contemporary,18.0,29.0,llm_estimated
K-28220T-SL-0,toilet,,ModernLife,ModernLife,One-piece toilet with Quiet-Close slim seat cover in white,56000.0,sleek;minimalist;modern,17.5,29.5,llm_estimated
K-1381T-S-0,toilet,,Veil,Veil,One-piece toilet with Quiet-Close seat cover in white,42000.0,classic;traditional,18.5,30.0,llm_estimated
K-17629IN-SM-0,toilet,,Ove,Ove,One-piece toilet with Quiet-Close seat cover in white,26000.0,minimalist;modern,16.5,28.0,llm_estimated
K-3983IN-S-0,toilet,,Reach,Reach,One-piece toilet with Quiet-Close seat cover in white,25500.0,modern;sleek,17.0,29.0,llm_estimated
K-27791IN-WAF-0,toilet,,ModernLife Edge,ModernLife Edge,True rimless decorative wall hung toilet with Quiet-Close ™ UF seat cover,90000.0,minimalist;luxury;contemporary,14.5,26.5,llm_estimated
K-27791IN-WRGD-0,toilet,,ModernLife Edge,ModernLife Edge,True rimless decorative wall hung toilet with Quiet-Close ™ UF seat cover,84000.0,luxury;ornate;contemporary,14.5,26.5,llm_estimated
K-27791IN-HL1,toilet,,ModernLife Edge,ModernLife Edge,True rimless wall hung toilet with Quiet-Close ™ UF seat cover in honed,67000.0,natural;minimalist,14.5,26.5,llm_estimated
K-27791IN-HB1,toilet,,ModernLife Edge,ModernLife Edge,True rimless wall hung toilet with Quiet-Close ™ UF seat cover in honed,67000.0,natural;minimalist,14.5,26.5,llm_estimated
K-27791IN-HP1,toilet,,ModernLife Edge,ModernLife Edge,True rimless wall hung toilet with Quiet-Close ™ UF seat cover in peacock,67000.0,luxury;ornate,14.5,26.5,llm_estimated
K-27791IN-0,toilet,,ModernLife Edge,ModernLife Edge,True rimless wall hung toilet with Quiet-Close UF seat cover in white,47000.0,minimalist;sleek,14.5,26.5,llm_estimated
K-75708IN-7,toilet,,Veil,Veil,Rimless wall hung toilet with Quiet-Close UF seat in black,50000.0,sleek;modern,15.0,27.0,llm_estimated
K-75708IN-SS-0,toilet,,Veil,Veil,RimlesswallhungtoiletwithQuiet-Close UFseatinwhite,41000.0,minimalist;modern,15.0,27.0,llm_estimated
K-26998IN-TKB,toilet,,Vive,Vive,True rimless wall hung toilet with Quiet-Close UF slim seat cover in,36500.0,minimalist;sleek;modern,15.0,27.0,llm_estimated
K-38991IN-K4,toilet,,Vive,Vive,True rimless wall hung toilet with PP seat cover in cashmere,36500.0,minimalist;modern,14.5,26.5,llm_estimated
K-26998IN-7,toilet,,Vive,Vive,True rimless wall hung toilet with Quiet-Close UF slim seat cover in black,36500.0,minimalist;sleek,15.0,27.0,llm_estimated
K-26998IN-0,toilet,,Vive,Vive,True rimless wall hung toilet with Quiet-Close UF slim seat cover in white,29000.0,minimalist;sleek,15.0,27.0,llm_estimated
K-33677IN-0,toilet,,Ridge,Ridge,Rimless square REV360 wall hung toilet with Quiet-Close UF slim seat,24500.0,contemporary;minimalist,16.0,28.0,llm_estimated
K-28922IN-S-7,toilet,,Spacity,Spacity,Rimless wall hung toilet with Quiet-Close slim seat cover in black,26500.0,modern;sleek,14.5,27.5,llm_estimated
K-28922IN-S-0,toilet,,Spacity,Spacity,RimlesswallhungtoiletwithQuiet-Close slimseatcoverinwhite,21000.0,modern;sleek,14.5,27.5,llm_estimated
K-38989IN-K4,toilet,,Trace,Trace,True rimless wall hung toilet with PP seat cover in cashmere,25000.0,minimalist;modern,14.0,26.0,llm_estimated
K-20217IN-S-7,toilet,,Trace,Trace,True rimless wall hung toilet with Quiet-Close UF slim seat cover in black,25000.0,minimalist;sleek,15.5,27.5,llm_estimated
K-20217IN-S-0,toilet,,Trace,Trace,TruerimlesswallhungtoiletwithQuiet-Close UFslimseatcoverinwhite,20000.0,minimalist;sleek,15.5,27.5,llm_estimated
K-32410IN-K4,toilet,,APT Square,APT Square,True rimless wall hung toilet with Quiet-Close seat cover in cashmere,20650.0,minimalist;sleek,14.5,27.0,llm_estimated
K-32409IN-7,toilet,,APT Square,APT Square,True rimless wall hung toilet with Quiet-Close UF seat cover in black,20650.0,minimalist;sleek;modern,14.5,27.0,llm_estimated
K-32409IN-0,toilet,,APT Square,APT Square,True rimless wall hung toilet with Quiet-Close UF seat cover in white,16500.0,minimalist;sleek,14.5,27.0,llm_estimated
K-29150IN-K4,toilet,,APT Round,APT Round,True rimless wall hung toilet with Quiet-Close seat cover in cashmere,19500.0,minimalist;sleek,15.0,26.5,llm_estimated
K-30306IN-7,toilet,,APT Round,APT Round,True rimless wall hung toilet with Quiet-Close UF seat cover in black,19500.0,minimalist;modern;sleek,15.0,26.5,llm_estimated
K-30306IN-0,toilet,,APT Round,APT Round,True rimless wall hung toilet with Quiet-Close UF seat cover in white,15500.0,minimalist;sleek,15.0,26.5,llm_estimated
K-28778IN-0,toilet,,Span Square,Span Square,Square wall hung toilet with PureClean bidet cleansing seat in white,20200.0,modern;contemporary,16.0,28.0,llm_estimated
K-29174IN-S-0,toilet,,Span Square,Span Square,Square wall hung toilet with Quiet-Close seat in white,14000.0,modern;sleek,16.0,28.0,llm_estimated
K-18131IN-S-0,toilet,,Patio,Patio,Wall hung toilet with Quiet-Close seat in white,11500.0,minimalist;contemporary,14.5,27.5,llm_estimated
K-33931IN-P-0,toilet,,EvoFit+,EvoFit+,Pneumatic in-wall tank with full frame,14500.0,minimalist,19.5,6.0,llm_estimated
K-33931IN-M-0,toilet,,EvoFit+,EvoFit+,Mechanical in-wall tank with full frame,14500.0,minimalist;modern;sleek,19.5,6.0,llm_estimated
K-33929IN-P-0,toilet,,EvoFit,EvoFit,Pneumatic in-wall tank with half frame,11200.0,minimalist;sleek,19.0,5.0,llm_estimated
K-33929IN-M-0,toilet,,EvoFit,EvoFit,Mechanical in-wall tank with half frame,11200.0,minimalist;sleek,19.0,5.0,llm_estimated
K-33926IN-P-0,toilet,,EvoFlush,EvoFlush,Pneumatic frameless In-wall tank,7200.0,minimalist,18.0,4.0,llm_estimated
K-33926IN-M-0,toilet,,EvoFlush,EvoFlush,Mechanical frameless In-wall tank,7200.0,minimalist,18.0,4.0,llm_estimated
K-24555IN-P-AF,toilet,,Soft Press,Soft Press,Pneumatic faceplate in french gold,8000.0,luxury;contemporary,9.5,0.5,llm_estimated
K-31538IN-NA,toilet,,Soft Press,Soft Press,Pneumatic flush valve,7000.0,modern,3.0,3.0,llm_estimated
K-24555IN-P-CP,toilet,,Soft Press,Soft Press,Pneumatic faceplate in polished chrome,3200.0,sleek;modern,9.5,0.5,llm_estimated
K-17663IN-0,toilet,,Soft Press,Soft Press,Odeon dual flush tank only for use with K-17661,185.0,classic;traditional,15.0,7.0,llm_estimated
K-82958,toilet,,Soft Press,Soft Press,"Flange kit, PCV, Intl WC",3854.0,modern,4.0,4.0,llm_estimated
K-1066987,toilet,,Soft Press,Soft Press,Curved pipe (S-trap),2673.0,minimalist;sleek,16.0,28.0,llm_estimated
K-1042534,toilet,,Soft Press,Soft Press,Floor flange accessory pack,2453.0,traditional,14.0,14.0,llm_estimated
K-1225108-0,toilet,,Soft Press,Soft Press,Dual support chair bracket for wall hung installation,2200.0,modern;minimalist,18.0,12.0,llm_estimated
K-1331800,toilet,,Soft Press,Soft Press,One piece trap way,1946.0,sleek;modern,15.0,27.0,llm_estimated
K-1036902,toilet,,,Vario pan connector,Vario pan connector,1657.0,contemporary,10.0,10.0,llm_estimated
K-1036901,toilet,,,Cario P-trap pipe,Cario P-trap pipe,1479.0,minimalist,10.0,12.0,llm_estimated
K-1224238-IN-0,toilet,,,M12 wall bracket for wh installation,M12 wall bracket for wh installation,1202.0,minimalist;modern,12.0,6.0,llm_estimated
K-1572223,toilet,,,Drain connector assembly,Drain connector assembly,950.0,traditional,8.0,8.0,llm_estimated
K-1060831,toilet,,,"Connector, rubber","Connector, rubber",777.0,minimalist,6.0,6.0,llm_estimated
K-1213309-0,toilet,,,M12 rack bolts for wall hung installatio,M12 rack bolts for wall hung installation,656.0,modern,4.0,4.0,llm_estimated
K-1527926,toilet,,,Connector accessory pack,Connector accessory pack,371.0,minimalist,1.0,1.0,llm_estimated
K-1063956,toilet,,,Hardware pack,Hardware pack,292.0,minimalist,1.0,1.0,llm_estimated
K-1286731,toilet,,,M10 installation kit for Veil K-5401,M10 installation kit for Veil K-5401,133.0,minimalist;contemporary,2.0,2.0,llm_estimated
K-24146IN-7,toilet,,Summon,Summon,Touchless sensor face plate in black,35000.0,minimalist;sleek;modern,9.0,5.0,llm_estimated
K-24149IN-F-BN,toilet,,Skim,Skim,Pneumatic faceplate in black with actuation button in brushed nickel,13000.0,modern;sleek,9.0,5.0,llm_estimated
K-24149IN-F-BV,toilet,,Skim,Skim,Pneumatic faceplate in black with actuation button in brushed bronze,13000.0,luxury;modern,9.0,5.0,llm_estimated
K-24151IN-F-BN,toilet,,Skim,Skim,Pneumatic faceplate in white with actuation button in brushed nickel,13000.0,minimalist;contemporary,9.0,5.0,llm_estimated
K-24151IN-F-BV,toilet,,Skim,Skim,Pneumatic faceplate in white with actuation button in brushed bronze,13000.0,modern;sleek,9.0,5.0,llm_estimated
K-75891IN-M-BRD,toilet,,Note,Note,Mechanical faceplate in brushed rose gold,14500.0,luxury;modern,9.0,5.0,llm_estimated
K-75891IN-M-BV,toilet,,Note,Note,Mechanical faceplate in brushed bronze,9600.0,classic;contemporary,9.0,5.0,llm_estimated
K-75890IN-P-RGD,toilet,,Lynk,Lynk,Pneumatic faceplate in rose gold,7000.0,luxury;modern,16.0,28.0,llm_estimated
K-75890IN-P-BN,toilet,,Lynk,Lynk,Pneumatic faceplate in brushed nickel,7000.0,minimalist;sleek,16.0,28.0,llm_estimated
K-75890IN-P-AF,toilet,,Lynk,Lynk,Pneumatic faceplate in french gold,7000.0,luxury;classic,16.0,28.0,llm_estimated
K-75890IN-M-AF,toilet,,Lynk,Lynk,Mechanical faceplate in french gold,7000.0,traditional;luxury,16.0,28.0,llm_estimated
K-75890IN-P-BL,toilet,,Lynk,Lynk,Pneumatic faceplate in matte black,7000.0,minimalist;sleek,16.0,28.0,llm_estimated
K-75891IN-M-0,toilet,,Note,Note,Mechanical faceplate in glossy white,5400.0,minimalist;modern,16.0,28.0,llm_estimated
K-75891IN-M-7,toilet,,Note,Note,Mechanical faceplate in glossy black,5400.0,sleek;modern,16.0,28.0,llm_estimated
K-75891IN-M-CP,toilet,,Note,Note,Mechanical faceplate in polished chrome,4400.0,contemporary;sleek,16.0,28.0,llm_estimated
K-75890IN-P-0,toilet,,Lynk,Lynk,Pneumatic faceplate in glossywhite,4300.0,minimalist;contemporary,16.0,28.0,llm_estimated
K-75890IN-P-7,toilet,,Lynk,Lynk,Pneumatic faceplate in glossyblack,4300.0,modern;sleek,16.0,28.0,llm_estimated
K-33639IN-P-CP,toilet,,Access,Access,Pneumatic faceplate with sliding front cover and built-in tablet,4000.0,modern;sleek;luxury,16.0,28.0,llm_estimated
K-75890IN-P-CP,toilet,,Lynk,Lynk,Pneumatic faceplate in polished chrome,3100.0,modern;sleek,15.0,27.0,llm_estimated
K-75890IN-M-CP,toilet,,Lynk,Lynk,Mechanical faceplate in polished chrome,3100.0,minimalist;sleek,15.0,27.0,llm_estimated
K-5413IN-P-CP,toilet,,Pebble,Pebble,Pneumatic faceplate in polished chrome,3000.0,contemporary;sleek,17.0,29.0,llm_estimated
K-5413IN-M-CP,toilet,,Pebble,Pebble,Mechanical faceplate in polished chrome,3000.0,contemporary;minimalist,17.0,29.0,llm_estimated
K-28475IN-M-CP,toilet,,Summit,Summit,Mechanical faceplate in polished chrome,2400.0,modern;minimalist,14.5,26.5,llm_estimated
K-28476IN-M-CP,toilet,,Riviera,Riviera,Mechanical faceplate in polished chrome,2200.0,modern;minimalist,14.5,26.5,llm_estimated
K-22930IN-NA,mirror,,,1016mm perimeter lighted mirror,1016mm perimeter lighted mirror,60000.0,modern;sleek,40.0,40.0,llm_estimated
K-22932IN-NA,mirror,,,1016mm inset lighted mirror,1016mm inset lighted mirror,50000.0,minimalist;modern,40.0,40.0,llm_estimated
K-22929IN-NA,mirror,,,762mm perimeter lighted mirror,762mm perimeter lighted mirror,45000.0,contemporary;sleek,30.0,30.0,llm_estimated
K-22928IN-NA,mirror,,,762mm x 1016mm column lighted mirror,762mm x 1016mm column lighted mirror,38000.0,modern;contemporary,30.0,40.0,llm_estimated
K-22931IN-NA,mirror,,,762mm inset lighted mirror,762mm inset lighted mirror,35700.0,minimalist;sleek,30.0,30.0,llm_estimated
K-37758IN-NA,mirror,,,762mm x 1016mm column lite lighted mirro,762mm x 1016mm column lite lighted mirror,35000.0,modern;sleek,30.0,40.0,llm_estimated
K-31646IN-NA,mirror,,,600mm perimeter lighted mirror,600mm perimeter lighted mirror,35000.0,minimalist;contemporary,24.0,24.0,llm_estimated
K-35628IN-NA,mirror,,,600mm x 700mm column lighted mirror,600mm x 700mm column lighted mirror,21500.0,modern;sleek,24.0,28.0,llm_estimated
K-37877IN-BLL,mirror,,,520mm x 700mm rectangle lighted mirror,520mm x 700mm rectangle lighted mirror,39500.0,contemporary;minimalist,20.0,28.0,llm_estimated
K-37880IN-NA,mirror,,,800mm x 550mm pebble lighted mirror,800mm x 550mm pebble lighted mirror,38000.0,natural;zen,31.0,22.0,llm_estimated
K-37878IN-NA,mirror,,,600mm x 900mm oval lighted mirror,600mm x 900mm oval lighted mirror,38500.0,modern;sleek,23.6,35.4,llm_estimated
K-37876IN-NA,mirror,,,510mm x 1018mm capsule lighted mirror,510mm x 1018mm capsule lighted mirror,35000.0,minimalist;sleek,20.1,40.1,llm_estimated
K-23266IN-NA,mirror,,,900mmx651mmrectangularlightedmirror,900mmx651mmrectangularlightedmirror,0.0,modern;contemporary,35.4,25.6,llm_estimated
K-23265IN-NA,mirror,,,600mm x 650mm square lighted mirror,600mm x 650mm square lighted mirror,37000.0,minimalist;modern,23.6,25.6,llm_estimated
K-29156IN-NA,mirror,,,900mm x 650mm rectangular lighted lite m,900mm x 650mm rectangular lighted lite mirror with mechanical switch,32000.0,modern;contemporary,35.4,25.6,llm_estimated
K-29155IN-NA,mirror,,,720mm x 650mm rectangular lighted lite m,720mm x 650mm rectangular lighted lite mirror with mechanical switch,30000.0,modern;contemporary,28.3,25.6,llm_estimated
K-23268IN-NA,mirror,,,1000mm x 650mm lighted mirror,1000mm x 650mm lighted mirror,60000.0,modern;sleek,39.4,25.6,llm_estimated
K-31389IN-NA,mirror,,,705mm round lighted mirror,705mm round lighted mirror,44000.0,minimalist;modern,27.8,27.8,llm_estimated
K-23264IN-NA,mirror,,,1000mm x 650mm rectangular lighted mirro,1000mm x 650mm rectangular lighted mirror,58000.0,modern;contemporary,39.4,25.6,llm_estimated
K-77115IN-NA,mirror,,,800mm lighted mirror with proximity sens,800mm lighted mirror with proximity sensor,65000.0,modern;sleek,31.5,31.5,llm_estimated
K-78282IN-NA,mirror,,,866mm x 762mm two-door lighted mirrored,866mm x 762mm two-door lighted mirrored cabinet,90000.0,modern;sleek,34.0,30.0,llm_estimated
K-81149IN-DA1,mirror,,,756mm x 1016mm rectangular two-door mirr,756mm x 1016mm rectangular two-door mirror cabinet,44500.0,minimalist;contemporary,30.0,40.0,llm_estimated
K-81146IN-DA1,mirror,,,756mm x 610mm rectangular two-door mirro,756mm x 610mm rectangular two-door mirror cabinet,34500.0,minimalist;contemporary,30.0,24.0,llm_estimated
K-81148IN-DA1,mirror,,,508mm x 1016mm rectangular mirror cabine,508mm x 1016mm rectangular mirror cabinet,32500.0,sleek;modern,20.0,40.0,llm_estimated
K-81145IN-DA1,mirror,,,508mm x 610mm rectangular mirror cabinet,508mm x 610mm rectangular mirror cabinet,22500.0,sleek;modern,20.0,24.0,llm_estimated
K-56152IN-NA,mirror,,,Premium XL 405mm x 914mm capsule mirror,Premium XL 405mm x 914mm capsule mirror cabinet,18000.0,luxury;sleek;contemporary,16.0,36.0,llm_estimated
K-56151IN-NA,mirror,,,Premium XL 508mm x 914mm arch mirror cab,Premium XL 508mm x 914mm arch mirror cabinet,18000.0,luxury;classic;contemporary,20.0,36.0,llm_estimated
K-56150IN-NA,mirror,,,Premium XL 508mm x 787mm rectangular mir,Premium XL 508mm x 787mm rectangular mirror cabinet,17500.0,luxury;minimalist,20.0,31.0,llm_estimated
K-38674IN-NA,mirror,,Bancroft,Bancroft,508mm x 787mm rectangular mirror cabinet,16500.0,modern;traditional,20.0,31.0,llm_estimated
K-3073IN-NA,mirror,,Archer,Archer,508mm x 787mm rectangular mirror cabinet,15500.0,modern;traditional,20.0,31.0,llm_estimated
K-39120IN-BLL,mirror,,Archer,Archer,610mm x 1675mm arch floor mirror,31500.0,modern;sleek,24.0,66.0,llm_estimated
K-38368IN-BLL,mirror,,Archer,Archer,610mm x 1675mm rectangular floor mirror,30500.0,minimalist;sleek,24.0,66.0,llm_estimated
K-30637IN-BGL,mirror,,Archer,Archer,610mm x 914mm arch mirror in brushed gold,20500.0,luxury;contemporary,24.0,36.0,llm_estimated
K-30637IN-BLL,mirror,,Archer,Archer,610mm x 914mm arch mirror in matte black,20000.0,minimalist;modern,24.0,36.0,llm_estimated
K-30638IN-BGL,mirror,,Archer,Archer,508mm x 813mm arch mirror in brushed gold,18500.0,luxury;contemporary,20.0,32.0,llm_estimated
K-30638IN-BLL,mirror,,Archer,Archer,508mm x 813mm arch mirror in matte black,18000.0,minimalist;modern,20.0,32.0,llm_estimated
K-26051IN-CPL,mirror,,Archer,Archer,501mm x 1016mm capsule mirror in polished chrome,20000.0,modern;classic,20.0,40.0,llm_estimated
K-26051IN-BGL,mirror,,Archer,Archer,501mm x 1016mm capsule mirror in brushed gold,16500.0,luxury;contemporary,20.0,40.0,llm_estimated
K-26051IN-BLL,mirror,,Archer,Archer,501mm x 1016mm capsule mirror in matte black,14500.0,minimalist;sleek,20.0,40.0,llm_estimated
K-26050IN-CPL,mirror,,Archer,Archer,712mm round mirror in polished chrome,22000.0,contemporary;classic,28.0,28.0,llm_estimated
K-26050IN-BGL,mirror,,Archer,Archer,712mm round mirror in brushed gold,18000.0,luxury;sleek,28.0,28.0,llm_estimated
K-26050IN-BLL,mirror,,Archer,Archer,712mm round mirror in matte black,17500.0,minimalist;sleek,28.0,28.0,llm_estimated
K-26052IN-CPL,mirror,,Archer,Archer,560mm x 864mm rectangular mirror in polished chrome,18500.0,modern;contemporary,22.0,34.0,llm_estimated
K-26052IN-BGL,mirror,,Archer,Archer,560mm x 864mm rectangular mirror in brushed gold,15500.0,luxury;contemporary,22.0,34.0,llm_estimated
K-26052IN-BLL,mirror,,Archer,Archer,560mm x 864mm rectangular mirror in matte black,13500.0,minimalist;modern,22.0,34.0,llm_estimated
K-38367IN-BLL,mirror,,Archer,Archer,600mm x 1200mm capsule mirror in matte black,19000.0,modern;sleek,24.0,47.0,llm_estimated
K-38354IN-BLL,mirror,,Archer,Archer,660mm x 1200mm rectangular mirror in matte black,19500.0,minimalist;contemporary,26.0,47.0,llm_estimated
K-38366IN-BLL,mirror,,Archer,Archer,460mm round mirror in matte black,9500.0,minimalist;zen,18.0,18.0,llm_estimated
K-31367IN-BLL,mirror,,Archer,Archer,559mm round mirror in matte black,12500.0,minimalist;modern,22.0,22.0,llm_estimated
K-31367IN-BGL,mirror,,Archer,Archer,559mmroundmirrorinbrushedgold,13000.0,luxury;classic,22.0,22.0,llm_estimated
K-37881IN-BLL,mirror,,Archer,Archer,Modernlife Edge 200mm detailing lighted mirror,10000.0,modern;sleek;minimalist,24.0,32.0,llm_estimated
K-72904IN-S,mirror,,Archer,Archer,July 175mm detailing makeup mirror,6500.0,contemporary;minimalist,18.0,24.0,llm_estimated
K-18433IN-CP,mirror,,Archer,Archer,Lison 180mm detailing mirror,6000.0,classic;traditional,18.0,24.0,llm_estimated
K-2749T-1-0,washbasin,,Forefront,Forefront,900mm x 521mm Vanity top with single faucet hole in white,53500.0,modern;sleek,35.4,20.5,llm_estimated
K-28782IN-0,washbasin,,Vive,Vive,720mm x 520mm Vanity top with single faucet hole in white,27800.0,modern;minimalist,28.3,20.5,llm_estimated
K-30686IN-0,washbasin,,Sveda,Sveda,663mm x 425mm steam vessel basin with steam generator assembly,72000.0,contemporary;modern,26.1,16.7,llm_estimated
K-20705-0,washbasin,,Veil,Veil,979mm x 406mm vessel basin without faucet hole in white,90000.0,sleek;minimalist,38.5,16.0,llm_estimated
K-20703-0,washbasin,,Veil,Veil,406mm round vessel basin or pedestal sink without faucet hole in white,80000.0,minimalist;zen,16.0,16.0,llm_estimated
K-20704-0,washbasin,,Veil,Veil,536mm x 357mm vessel basin without faucet hole in white,48000.0,modern;minimalist,21.1,14.0,llm_estimated
K-75375IN-0,washbasin,,Forefront,Forefront,890mm x 397mm rectangular vessel basin without faucet hole in white,55000.0,sleek;modern,35.0,15.6,llm_estimated
K-21226IN-WAF-0,washbasin,,ModernLife Edge,ModernLife Edge,600mm x 396mm decorative vessel basin without faucet hole in french,75000.0,luxury;classic,23.6,15.6,llm_estimated
K-21226IN-WRGD-0,washbasin,,ModernLife Edge,ModernLife Edge,600mm x 396mm decorative vessel basin without faucet hole in rose gold,70000.0,luxury;ornate,23.6,15.6,llm_estimated
K-21226IN-HL1,washbasin,,ModernLife Edge,ModernLife Edge,600mm x 396mm vessel basin without faucet hole in honed lush,38000.0,natural;zen,23.6,15.6,llm_estimated
K-21226IN-HB1,washbasin,,ModernLife Edge,ModernLife Edge,600mm x 396mm vessel basin without faucet hole in honed black,38000.0,minimalist;sleek,23.6,15.6,llm_estimated
K-21226IN-HP1,washbasin,,ModernLife Edge,ModernLife Edge,600mm x 396mm vessel basin without faucet hole in peacock,38000.0,luxury;contemporary,23.6,15.6,llm_estimated
K-21226IN-SS-0,washbasin,,ModernLife Edge,ModernLife Edge,600mm x 396mm vessel basin without faucet hole in white,27000.0,minimalist;modern,23.6,15.6,llm_estimated
K-30109IN-HP1,washbasin,,Sveda Lite,Sveda Lite,663mm x 425mm vessel basin without faucet hole in peacock,43500.0,luxury;contemporary,26.1,16.7,llm_estimated
K-30109IN-0,washbasin,,Sveda Lite,Sveda Lite,663mm x 425mm vessel basin without faucet hole in white,31000.0,minimalist;sleek,26.1,16.7,llm_estimated
K-31343IN-SS-0,washbasin,,Nysa,Nysa,633mm x 423mm vessel basin without faucet hole in white,23000.0,modern;sleek,24.9,16.6,llm_estimated
K-21060IN-HB1,washbasin,,Brazn,Brazn,584mm x 406mm vessel basin without faucet hole in honed black,30000.0,minimalist;zen,23.0,16.0,llm_estimated
K-21060IN-0,washbasin,,Brazn,Brazn,584mm x 406mm vessel basin without faucet hole in white,0.0,minimalist;modern,23.0,16.0,llm_estimated
K-77171IN-7,washbasin,,Veil,Veil,591mm x 450mm vessel basin without faucet hole in black,25000.0,contemporary;sleek,23.3,17.7,llm_estimated
K-77171IN-0,washbasin,,Veil,Veil,591mm x 450mm vessel basin without faucet hole in white,20000.0,minimalist;modern,23.3,17.7,llm_estimated
K-75376IN-1-0,washbasin,,Trace,Trace,600mm x 440mm vessel basin with single faucet hole in white,21500.0,minimalist;sleek,23.6,17.3,llm_estimated
K-90011T-0,washbasin,,Mica,Mica,393mm x 393mm square vessel basin without faucet hole in white,21000.0,modern;minimalist,15.5,15.5,llm_estimated
K-90012T-0,washbasin,,Mica,Mica,410mm round vessel basin without faucet hole in white,19000.0,contemporary;sleek,16.1,16.1,llm_estimated
K-5373IN-7,washbasin,,Forefront,Forefront,575mm x 410mm rectangular vessel basin without faucet hole in black,23800.0,modern;sleek,22.6,16.1,llm_estimated
K-5373IN-K4,washbasin,,Forefront,Forefront,575mm x 410mm rectangular vessel basin without faucet hole in,23800.0,modern;luxury,22.6,16.1,llm_estimated
K-5373IN-0,washbasin,,Forefront,Forefront,575mm x 410mm rectangular vessel basin without faucet hole in white,19000.0,modern;minimalist,22.6,16.1,llm_estimated
K-2660IN-1-7,washbasin,,Forefront,Forefront,585mm x 460mm rectangular vessel basin with single faucet hole in,21300.0,contemporary;sleek,23.0,18.1,llm_estimated
K-2660IN-1-0,washbasin,,Forefront,Forefront,585mm x 460mm rectangular vessel basin with single faucet hole in,17000.0,contemporary;minimalist,23.0,18.1,llm_estimated
K-2661IN-7,washbasin,,Forefront,Forefront,413mm x 413mm square vessel basin without faucet hole in black,16900.0,modern;sleek,16.3,16.3,llm_estimated
K-2661IN-K4,washbasin,,Forefront,Forefront,413mm x 413mm square vessel basin without faucet hole in cashmere,16900.0,modern;luxury,16.3,16.3,llm_estimated
K-2661IN-0,washbasin,,Forefront,Forefront,413mm x 413mm square vessel basin without faucet hole in white,13500.0,minimalist;modern,16.25,16.25,llm_estimated
K-75374IN-1-0,washbasin,,Forefront,Forefront,413mm x 460mm square vessel basin with single faucet hole in white,13000.0,modern;sleek,16.25,18.1,llm_estimated
K-26270IN-0,washbasin,,Brink,Brink,600mm x 410mm rectangle vessel basin with single faucet hole in white,16000.0,modern;contemporary,23.6,16.15,llm_estimated
K-26249IN-0,washbasin,,Ribana Neo,Ribana Neo,545mm x 400mm vessel basin without faucet hole in white,16000.0,minimalist;sleek,21.45,15.75,llm_estimated
K-28784IN-K4,washbasin,,Vive Geo,Vive Geo,552mm x 398mm vessel basin without faucet hole in cashmere,20000.0,modern;natural,21.75,15.65,llm_estimated
K-28784IN-7,washbasin,,Vive Geo,Vive Geo,552mm x 398mm vessel basin without faucet hole in black,20000.0,modern;sleek,21.75,15.65,llm_estimated
K-28784IN-TKB,washbasin,,Vive Geo,Vive Geo,552mm x 398mm vessel basin without faucet hole in teakberry,20000.0,modern;natural,21.75,15.65,llm_estimated
K-28784IN-0,washbasin,,Vive Geo,Vive Geo,552mm x 398mm vessel basin without faucet hole in white,16000.0,minimalist;modern,21.75,15.65,llm_estimated
K-28783IN-TKB,washbasin,,Vive Capsule,Vive Capsule,547mm x 397mm vessel basin without faucet hole in teakberry,19000.0,natural;zen,21.55,15.65,llm_estimated
K-28783IN-K4,washbasin,,Vive Capsule,Vive Capsule,547mm x 397mm vessel basin without faucet hole in cashmere,19000.0,modern;natural,21.55,15.65,llm_estimated
K-28783IN-7,washbasin,,Vive Capsule,Vive Capsule,547mm x 397mm vessel basin without faucet hole in black,19000.0,minimalist;sleek,21.5,15.6,llm_estimated
K-28783IN-0,washbasin,,Vive Capsule,Vive Capsule,547mm x 397mm vessel basin without faucet hole in white,15000.0,minimalist;modern,21.5,15.6,llm_estimated
K-76601IN-7,washbasin,,Kankara,Kankara,563mm x 403mm vessel basin without faucet hole in black,18200.0,modern;sleek,22.2,15.9,llm_estimated
K-76601IN-K4,washbasin,,Kankara,Kankara,563mm x 403mm vessel basin without faucet hole in cashmere,18200.0,contemporary;modern,22.2,15.9,llm_estimated
K-76601IN-0,washbasin,,Kankara,Kankara,563mm x 403mm vessel basin without faucet hole in white,14500.0,minimalist;contemporary,22.2,15.9,llm_estimated
K-76600IN-0,washbasin,,Kankara,Kankara,569mm x 438mm vessel basin with single faucet hole in white,14500.0,modern;traditional,22.4,17.2,llm_estimated
K-14800X-0,washbasin,,ChaliceRound,ChaliceRound,420mm round vessel basin without faucet hole in white,10500.0,minimalist;zen,16.5,16.5,llm_estimated
K-29024IN-1-0,washbasin,,ChaliceRound,ChaliceRound,470mm round vessel basin with single faucet hole in white,10000.0,modern;zen,18.5,18.5,llm_estimated
K-38520IN-K4,washbasin,,APT,APT,551mm x 411mm rectangular vessel basin without faucet hole in,11500.0,traditional;contemporary,21.7,16.2,llm_estimated
K-38520IN-7,washbasin,,APT,APT,551mm x 411mm rectangular vessel basin without faucet hole in black,11500.0,sleek;modern,21.7,16.2,llm_estimated
K-38520IN-0,washbasin,,APT,APT,551mm x 411mm rectangular vessel basin without faucet hole in white,9200.0,minimalist;sleek,21.7,16.2,llm_estimated
K-34251IN-0,washbasin,,APT,APT,551mm x 462mm rectangular vessel basin with single faucet hole in,8200.0,contemporary;modern,21.7,18.2,llm_estimated
K-25316IN-0,washbasin,,Span,Span,536mm x 457mm square vessel basin with single faucet hole in white,9200.0,modern;sleek,21.1,18.0,llm_estimated
K-31459IN-0,washbasin,,Span,Span,485mm x 344mm square vessel basin without faucet hole in white,7000.0,minimalist;zen,19.1,13.5,llm_estimated
K-25318IN-0,washbasin,,Span,Span,472mm x 360mm round vessel basin with single faucet hole in white,6000.0,contemporary;minimalist,18.6,14.2,llm_estimated
K-2200IN-7,washbasin,,Conical Bell,Conical Bell,413mm round vessel basin without faucet hole in black,10000.0,luxury;sleek,16.3,16.3,llm_estimated
K-2200IN-K4,washbasin,,Conical Bell,Conical Bell,413mm round vessel basin without faucet hole in cashmere,10000.0,modern;natural,16.3,16.3,llm_estimated
K-2200IN-0,washbasin,,Conical Bell,Conical Bell,413mm round vessel basin without faucet hole in white,8000.0,minimalist;contemporary,16.3,16.3,llm_estimated
K-11479IN-VC1-0,washbasin,,Forefront,Forefront,581mm x 464mm rectangular semi recessed basin with single faucet,21500.0,modern;traditional,22.9,18.3,llm_estimated
K-98930X-1-0,washbasin,,Forefront,Forefront,429mm x 467mm square semi recessed basin with single faucet hole in,14500.0,contemporary;sleek,16.9,18.4,llm_estimated
K-20701-0,washbasin,,Veil,Veil,406mm x 406mm x 916mm round pedestal basin without faucet hole in,128000.0,minimalist;modern,16.0,16.0,llm_estimated
K-30520IN-0,washbasin,,Trace,Trace,550 x 405 x 835mm full pedestal wall mount basin with single faucet hole,13100.0,classic;traditional,21.6,16.0,llm_estimated
K-8700IN-1-0,washbasin,,BrivePlus,BrivePlus,540mm x 464mm x 864mm round pedestal basin without faucet hole in,7400.0,traditional;classic,21.2,18.2,llm_estimated
K-24558IN-0,washbasin,,Span,Span,545mm x 489mm square wall mount lavatory with half pedestal,9100.0,sleek;modern,21.5,19.2,llm_estimated
K-24563IN-0,washbasin,,Span,Span,484mm x 459mm square wall mount lavatory with half pedestal,8100.0,modern;minimalist,19.0,18.0,llm_estimated
K-24560IN-0,washbasin,,Span,Span,482mm x 466mm round wall mount lavatory with half pedestal,8100.0,contemporary;minimalist,19.0,18.3,llm_estimated
K-11341IN-1-0,washbasin,,Folio,Folio,482mm x 466mm round wall mount lavatory with half pedestal,7600.0,contemporary;minimalist,19.0,18.3,llm_estimated
K-96051IN-0,washbasin,,BrivePlus,BrivePlus,540 x 464 x 420mm half pedestal lavatory with single faucet hole in white,6700.0,modern;sleek,21.2,18.2,llm_estimated
K-2241IN-1-0,washbasin,,Memoirs,Memoirs,578mm x 460mm rectangular self- rimming basin in white,15000.0,contemporary,22.7,18.1,llm_estimated
K-2075IN-1-0,washbasin,,Serif,Serif,564mm x 414mm oval self- rimming basin in white,5600.0,classic;contemporary,22.2,16.3,llm_estimated
K-2215IN-2-7,washbasin,,Ladena,Ladena,581mm x 402mm rectangular undercounter basin in black,12500.0,minimalist;sleek,22.9,15.8,llm_estimated
K-2215IN-2-0,washbasin,,Ladena,Ladena,581mm x 402mm rectangular undercounter basin in white,10000.0,minimalist;contemporary,22.9,15.8,llm_estimated
K-2214IN-0,washbasin,,Ladena,Ladena,529mm x 367mm rectangular undercounter basin in white,9500.0,minimalist,20.8,14.4,llm_estimated
K-2883IN-0,washbasin,,Verticyl,Verticyl,400mm round undercounter basin in white,9000.0,modern;zen,15.7,15.7,llm_estimated
K-2211IN-0,washbasin,,Caxton,Caxton,535mm x 438mm undercounter basin in white,5400.0,contemporary,21.1,17.2,llm_estimated
K-2210IN-0,washbasin,,Caxton,Caxton,492mm x 411mm undercounter basin in white,4300.0,modern,19.4,16.2,llm_estimated
K-34229IN-0,washbasin,,APT,APT,551mm x 462mm rectangular wall mount basin with single faucet hole,7500.0,contemporary;sleek,21.7,18.2,llm_estimated
K-25317IN-0,washbasin,,Span,Span,545mm x 489mm rectangular wall mount basin with single faucet hole,7000.0,modern,21.5,19.2,llm_estimated
K-31461IN-0,washbasin,,Span,Span,570mm x 487mm wall mount corner basin with single faucet hole,6000.0,minimalist;zen,22.4,19.2,llm_estimated
K-31460IN-0,washbasin,,Span,Span,418mm x 500mm rectangular wall mount basin with single faucet hole,6000.0,modern;contemporary,16.5,19.7,llm_estimated
K-31458IN-0,washbasin,,Span,Span,483mm x 465mm oval wall mount basin with single faucet hole,6000.0,minimalist;modern,19.0,18.3,llm_estimated
K-2018IN-1WH-0,washbasin,,Folio,Folio,611mm x 479mm oval wall mount basin with single faucet hole,5500.0,contemporary;sleek,24.1,18.9,llm_estimated
K-8703IN-1WH-0,washbasin,,BrivePlus,BrivePlus,540mm x 464mm oval wall mount basin with single faucet hole,4800.0,modern;minimalist,21.3,18.3,llm_estimated
K-5583IN-1WH-0,washbasin,,BrivePlus,BrivePlus,448mm x 413mm oval wall mount basin with single faucet hole,4200.0,minimalist;zen,17.6,16.3,llm_estimated
K-97347IN-4-CP,faucet,,,Single-control tall basin faucet with dr,Single-control tall basin faucet with drain in polished chrome,72200.0,modern;sleek,2.5,6.0,llm_estimated
K-97358IN-4ND-CP,faucet,,,Single-control wall mount basin faucet t,Single-control wall mount basin faucet trim + valve in polished chrome,72200.0,minimalist;modern,4.0,4.0,llm_estimated
K-97345IN-4-CP,faucet,,,Single-control basin faucet with drain i,Single-control basin faucet with drain in polished chrome,57800.0,modern;contemporary,2.0,5.0,llm_estimated
K-73159IN-7-CP,faucet,,,Single-control tall basin faucet with dr,Single-control tall basin faucet with drain in polished chrome,57800.0,luxury;modern,2.5,6.5,llm_estimated
K-73061IN-4ND-CP,faucet,,,Single-control wall mount basin faucet t,Single-control wall mount basin faucet trim + valve in polished chrome,57800.0,minimalist;sleek,4.0,3.5,llm_estimated
K-73050IN-7-CP,faucet,,,Single-control basin faucet with drain i,Single-control basin faucet with drain in polished chrome,52500.0,contemporary;modern,2.0,5.0,llm_estimated
K-25758IN-4ND-CP,faucet,,,Single-control tall basin faucet without,Single-control tall basin faucet without drain in polished chrome,33100.0,modern;sleek,2.5,6.0,llm_estimated
K-25759IN-4ND-CP,faucet,,,Single-control wall mount basin faucet t,Single-control wall mount basin faucet trim in polished chrome,28000.0,minimalist;contemporary,4.0,4.0,llm_estimated
K-25757IN-4ND-CP,faucet,,,Single-control basin faucet without drai,Single-control basin faucet without drain in polished chrome,26500.0,modern;sleek,2.0,5.0,llm_estimated
K-25761IN-9-CP,faucet,,,Thermostatic recessed bath and shower Au,Thermostatic recessed bath and shower Autosense 235+ trim in,18000.0,luxury;minimalist,8.0,8.0,llm_estimated
K-25764IN-CP,faucet,,,Bath spout with diverter in polished chr,Bath spout with diverter in polished chrome,11000.0,modern;sleek,2.5,6.0,llm_estimated
K-25765IN-CP,faucet,,,Bath spout without diverter in polished,Bath spout without diverter in polished chrome,9500.0,modern;sleek,2.5,6.0,llm_estimated
K-28514IN-ND-CP,faucet,,,Touchless single control tall basin mixe,Touchless single control tall basin mixer faucet without drain,27000.0,minimalist;contemporary,3.0,7.5,llm_estimated
K-28513IN-ND-CP,faucet,,,Touchless single control basin mixer fau,Touchless single control basin mixer faucet without drain,20600.0,minimalist;contemporary,3.0,6.0,llm_estimated
K-23475IN-4ND-CP,faucet,,,Single-control tall basin faucet without,Single-control tall basin faucet without drain in polished chrome,21850.0,modern;sleek,2.5,7.0,llm_estimated
K-23472IN-4ND-CP,faucet,,,Single-control basin faucet without drai,Single-control basin faucet without drain in polished chrome,17450.0,modern;sleek,2.5,5.5,llm_estimated
K-23483IN-4-CP,faucet,,,Tall pillar tap in polished chrome,Tall pillar tap in polished chrome,10530.0,classic;traditional,2.0,5.0,llm_estimated
K-23482IN-4-CP,faucet,,,Pillar tap in polished chrome,Pillar tap in polished chrome,8420.0,classic;traditional,2.0,4.0,llm_estimated
K-23486IN-4ND-CP,faucet,,,Single-control wall mount basin faucet t,Single-control wall mount basin faucet trim in polished chrome,16800.0,minimalist;modern,4.0,8.0,llm_estimated
K-23497IN-4-CP,faucet,,,AT 360 trim in polished chrome,AT 360 trim in polished chrome,15800.0,contemporary;sleek,3.5,6.0,llm_estimated
K-23496IN-4-CP,faucet,,,Recessed bath and shower AT 235 trim in,Recessed bath and shower AT 235 trim in polished chrome,10700.0,minimalist;modern,6.0,4.0,llm_estimated
K-23511IN-CP,faucet,,,Bath spout with diverter in polished chr,Bath spout with diverter in polished chrome,8850.0,contemporary;sleek,3.0,7.0,llm_estimated
K-23512IN-CP,faucet,,,Bathspoutwithoutdiverterinpolishedchrome,Bathspoutwithoutdiverterinpolishedchrome,7700.0,contemporary;sleek,3.0,6.0,llm_estimated
K-72337IN-4ND-CP,faucet,,,Single-control tall basin faucet without,Single-control tall basin faucet without drain in polished chrome,18850.0,modern;minimalist,2.5,6.5,llm_estimated
K-72312IN-4ND-CP,faucet,,,Single-control basin faucet without drai,Single-control basin faucet without drain in polished chrome,15100.0,modern;minimalist,2.5,5.5,llm_estimated
K-20071IN-4-CP,faucet,,,Tall pillar tap in polished chrome,Tall pillar tap in polished chrome,8180.0,classic;traditional,2.0,4.5,llm_estimated
K-72326IN-4-CP,faucet,,,Pillar tap in polished chrome,Pillar tap in polished chrome,7440.0,classic;traditional,2.0,4.0,llm_estimated
K-5684IN-4ND-CP,faucet,,,Single-control wall mount basin faucet t,Single-control wall mount basin faucet trim in polished chrome,14050.0,minimalist;modern;sleek,4.0,8.0,llm_estimated
K-77311IN-4FP-CP,faucet,,,AT 360 trim in polished chrome,AT 360 trim in polished chrome,15800.0,modern;contemporary,5.0,3.0,llm_estimated
K-72328IN-4FP-CP,faucet,,,Recessed bath and shower AT 235 trim in,Recessed bath and shower AT 235 trim in polished chrome,9450.0,modern;sleek,6.0,4.0,llm_estimated
K-72298IN-4ND-CP,faucet,,,Single-control tall basin faucet without,Single-control tall basin faucet without drain in polished chrome,16900.0,minimalist;sleek,3.0,6.0,llm_estimated
K-72275IN-4ND-CP,faucet,,,Single-control basin faucet without drai,Single-control basin faucet without drain in polished chrome,13500.0,minimalist;sleek,2.5,5.0,llm_estimated
K-20070IN-4-CP,faucet,,,Tall pillar tap in polished chrome,Tall pillar tap in polished chrome,7200.0,modern;contemporary,2.0,5.0,llm_estimated
K-72288IN-4-CP,faucet,,,Pillar tap in polished chrome,Pillar tap in polished chrome,6540.0,modern;contemporary,2.0,4.5,llm_estimated
K-5683IN-4ND-CP,faucet,,,Single-control wall mount basin faucet t,Single-control wall mount basin faucet trim in polished chrome,12100.0,minimalist;sleek,4.0,6.0,llm_estimated
K-77310IN-4FP-CP,faucet,,,AT 360 trim in polished chrome,AT 360 trim in polished chrome,14750.0,contemporary;modern,4.0,4.0,llm_estimated
K-72290IN-4FP-CP,faucet,,,Recessed bath and shower AT 235 trim in,Recessed bath and shower AT 235 trim in polished chrome,8050.0,contemporary;luxury,5.0,5.0,llm_estimated
K-20077IN-CP,faucet,,,Bath spout with diverter in polished chr,Bath spout with diverter in polished chrome,6850.0,modern;minimalist,3.0,8.0,llm_estimated
K-99061IN-CP,faucet,,,Bath spout without diverter in polished,Bath spout without diverter in polished chrome,5300.0,modern;minimalist,3.0,7.0,llm_estimated
K-38894IN-4ND-CP,faucet,,,Single-control tall basin faucet without,Single-control tall basin faucet without drain in polished chrome,16100.0,sleek;modern,3.0,6.0,llm_estimated
K-38893IN-4ND-CP,faucet,,,Single-control basin faucet without drai,Single-control basin faucet without drain in polished chrome,12800.0,minimalist;sleek,2.5,5.0,llm_estimated
K-38895IN-4ND-CP,faucet,,,Single-control wall mount monoblock basi,Single-control wall mount monoblock basin faucet trim + valve in,16100.0,minimalist;contemporary,4.0,6.5,llm_estimated
K-38896IN-4FP-CP,faucet,,,Recessed bath and shower AT235 trim in p,Recessed bath and shower AT235 trim in polished chrome,7700.0,modern;sleek,6.0,4.0,llm_estimated
K-38897IN-4FP-CP,faucet,,,AT360 trim in polished chrome,AT360 trim in polished chrome,13900.0,modern;contemporary,6.0,4.0,llm_estimated
K-38887IN-4ND-CP,faucet,,,Single-control tall basin faucet without,Single-control tall basin faucet without drain in polished chrome,700.0,minimalist;sleek,2.5,6.0,llm_estimated
K-38886IN-4ND-CP,faucet,,,Single-control basin faucet without drai,Single-control basin faucet without drain in polished chrome,11800.0,minimalist;sleek,2.5,5.0,llm_estimated
K-38888IN-4ND-CP,faucet,,,Single-control wall mount monoblock basi,Single-control wall mount monoblock basin faucet trim + valve in,14700.0,minimalist;contemporary,4.0,6.5,llm_estimated
K-38889IN-4FP-CP,faucet,,,Recessed bath and shower AT235 trim in p,Recessed bath and shower AT235 trim in polished chrome,7100.0,modern;sleek,6.0,4.0,llm_estimated
K-38890IN-4FP-CP,faucet,,,AT360 trim in polished chrome,AT360 trim in polished chrome,12700.0,modern;contemporary,6.0,4.0,llm_estimated
K-38891IN-CP,faucet,,,Bath spout with diverter in polished chr,Bath spout with diverter in polished chrome,5000.0,classic;sleek,3.0,8.0,llm_estimated
K-38892IN-CP,faucet,,,Bath spout without diverter in polished,Bath spout without diverter in polished chrome,3870.0,minimalist;sleek,3.0,6.0,llm_estimated
K-23967IN-4ND-CP,faucet,,,Single-control tall basin faucet without,Single-control tall basin faucet without drain in polished chrome,650.0,modern;contemporary,2.5,5.5,llm_estimated
K-23966IN-4ND-CP,faucet,,,Single-control basin faucet without drai,Single-control basin faucet without drain in polished chrome,10900.0,modern;contemporary,2.5,5.0,llm_estimated
K-23968IN-4-CP,faucet,,,Pillar tap in polished chrome,Pillar tap in polished chrome,5450.0,classic;traditional,2.0,4.0,llm_estimated
K-23975IN-4ND-CP,faucet,,,Single-control wall mount monoblock basi,Single-control wall mount monoblock basin faucet trim + valve in,13650.0,minimalist;sleek,6.0,4.0,llm_estimated
K-23971IN-4FP-CP,faucet,,,Recessed bath and shower AT 235 trim in,Recessed bath and shower AT 235 trim in polished chrome,6250.0,modern;sleek,5.0,5.0,llm_estimated
K-23974IN-AA-CP,faucet,,,Bath spout with diverter in polished chr,Bath spout with diverter in polished chrome,6250.0,contemporary;modern,3.5,7.0,llm_estimated
K-23973IN-AA-CP,faucet,,,Bath spout without diverter in polished,Bath spout without diverter in polished chrome,5200.0,contemporary;modern,3.5,6.5,llm_estimated
K-22535IN-4AND-CP,faucet,,,Single-control tall basin faucet without,Single-control tall basin faucet without drain in polished chrome,11880.0,modern;sleek,2.5,5.5,llm_estimated
K-22534IN-4AND-CP,faucet,,,Single-control basin faucet without drai,Single-control basin faucet without drain in polished chrome,9500.0,modern;sleek,2.5,5.0,llm_estimated
K-22539IN-4A-CP,faucet,,,Tall pillar tap in polished chrome,Tall pillar tap in polished chrome,5810.0,modern;sleek,2.5,6.0,llm_estimated
K-22538IN-4A-CP,faucet,,,Pillar tap in polished chrome,Pillar tap in polished chrome,4650.0,modern;minimalist,2.0,5.0,llm_estimated
K-22540IN-4AND-CP,faucet,,,Single-control wall mount basin faucet t,Single-control wall mount basin faucet trim in polished chrome,7280.0,contemporary;minimalist,4.0,4.0,llm_estimated
K-38938IN-4FP-CP,faucet,,,Recessed bath and shower AT 235 trim in,Recessed bath and shower AT 235 trim in polished chrome,5390.0,sleek;modern,6.0,3.0,llm_estimated
K-38939IN-4FP-CP,faucet,,,Recessed bath and shower AT 230 trim in,Recessed bath and shower AT 230 trim in polished chrome,5176.0,sleek;modern,6.0,3.0,llm_estimated
K-38948IN-4ND-CP,faucet,,,Low flow single-control basin faucet wit,Low flow single-control basin faucet without drain in polished chrome,9450.0,modern;sleek,2.5,5.5,llm_estimated
K-38949IN-4-CP,faucet,,,Low flow pillar tap in polished chrome,Low flow pillar tap in polished chrome,4515.0,minimalist;modern,2.0,4.5,llm_estimated
K-22544IN-N-CP,faucet,,,Bath spout with diverter in polished chr,Bath spout with diverter in polished chrome,5160.0,contemporary,3.0,8.0,llm_estimated
K-22543IN-N-CP,faucet,,,Bath spout without diverter in polished,Bath spout without diverter in polished chrome,4300.0,contemporary,3.0,8.0,llm_estimated
K-38463IN-4ND-CP,faucet,,,Single-control tall basin faucet without,Single-control tall basin faucet without drain in polished chrome,11000.0,modern;sleek,2.5,6.5,llm_estimated
K-38462IN-4ND-CP,faucet,,,Single-control basin faucet without drai,Single-control basin faucet without drain in polished chrome,8800.0,minimalist;sleek,3.0,5.0,llm_estimated
K-38466IN-4-CP,faucet,,,Tall pillar tap in polished chrome,Tall pillar tap in polished chrome,5610.0,contemporary;modern,2.5,6.0,llm_estimated
K-38465IN-4-CP,faucet,,,Pillar tap in polished chrome,Pillar tap in polished chrome,4400.0,classic;traditional,2.0,4.0,llm_estimated
K-38467IN-4ND-CP,faucet,,,Low flow single-control basin faucet wit,Low flow single-control basin faucet without drain in polished chrome,8800.0,minimalist;sleek,3.0,5.0,llm_estimated
K-38464IN-4ND-CP,faucet,,,Single-control wall mount basin faucet t,Single-control wall mount basin faucet trim in polished chrome,5940.0,minimalist;modern,4.0,3.0,llm_estimated
K-38469IN-4FP-CP,faucet,,,Recessed bath and shower AT235 trim in p,Recessed bath and shower AT235 trim in polished chrome,5280.0,sleek;luxury,6.0,4.0,llm_estimated
K-38468IN-4FP-CP,faucet,,,Recessed bath and shower AT230 trim in p,Recessed bath and shower AT230 trim in polished chrome,5060.0,sleek;luxury,6.0,4.0,llm_estimated
K-38471IN-CP,faucet,,,Bath spout with diverter in polished chr,Bath spout with diverter in polished chrome,4000.0,contemporary;sleek,2.5,7.0,llm_estimated
K-38470IN-CP,faucet,,,Bath spout without diverter in polished,Bath spout without diverter in polished chrome,3000.0,contemporary;sleek,2.5,7.0,llm_estimated
K-33063IN-4ND-CP,faucet,,,Single-control tall basin faucet in poli,Single-control tall basin faucet in polished chrome,9300.0,modern;sleek,3.0,6.0,llm_estimated
K-33059IN-4ND-CP,faucet,,,Single-control basin faucet in polished,Single-control basin faucet in polished chrome,7110.0,modern;sleek,2.5,6.0,llm_estimated
K-33102IN-4-CP,faucet,,,Tall pillar tap in polished chrome,Tall pillar tap in polished chrome,4930.0,classic;traditional,2.0,5.0,llm_estimated
K-33101IN-4-CP,faucet,,,Pillar tap in polished chrome,Pillar tap in polished chrome,3520.0,classic;traditional,2.0,4.5,llm_estimated
K-26791IN-4ND-CP,faucet,,,Single-control wall mount basin faucet t,Single-control wall mount basin faucet trim in polished chrome,4740.0,minimalist;contemporary,3.0,8.0,llm_estimated
K-33103IN-4ND-CP,faucet,,,Cold-only wall mount basin faucet trim i,Cold-only wall mount basin faucet trim in polished chrome,3300.0,minimalist;modern,2.5,7.5,llm_estimated
K-33111IN-4FP-CP,faucet,,,Recessed bath and shower AT235 trim in p,Recessed bath and shower AT235 trim in polished chrome,4480.0,sleek;contemporary,6.0,4.0,llm_estimated
K-33074IN-CP,faucet,,,Bath spout without diverter in polished,Bath spout without diverter in polished chrome,3060.0,modern;minimalist,2.5,9.0,llm_estimated
K-27479IN-4ND-CP,faucet,,,Single-control basin faucet without drai,Single-control basin faucet without drain in polished chrome,7520.0,modern;sleek,2.5,6.0,llm_estimated
K-27486IN-4-CP,faucet,,,Pillar tap in polished chrome,Pillar tap in polished chrome,4170.0,classic;traditional,2.0,4.5,llm_estimated
K-27483IN-4ND-CP,faucet,,,Single-control wall mount basin faucet t,Single-control wall mount basin faucet trim in polished chrome,5460.0,minimalist;contemporary,3.0,8.5,llm_estimated
K-27489IN-4ND-CP,faucet,,,Cold only wall mount basin faucet trim i,Cold only wall mount basin faucet trim in polished chrome,3940.0,minimalist;sleek,3.0,5.0,llm_estimated
K-27500IN-4FP-CP,faucet,,,Recessed bath and shower AT 235 trim in,Recessed bath and shower AT 235 trim in polished chrome,4520.0,modern;contemporary,6.0,4.0,llm_estimated
K-27494IN-CP,faucet,,,Bath spout with diverter in polished chr,Bath spout with diverter in polished chrome,4010.0,classic;sleek,2.5,8.0,llm_estimated
K-27492IN-CP,faucet,,,Bath spout without diverter in polished,Bath spout without diverter in polished chrome,2780.0,classic;sleek,2.5,8.0,llm_estimated
K-27480IN-4ND-CP,faucet,,,Single-control tall basin faucet without,Single-control tall basin faucet without drain in polished chrome,8650.0,modern;sleek,2.0,6.0,llm_estimated
K-27478IN-4ND-CP,faucet,,,Single-control basin faucet without drai,Single-control basin faucet without drain in polished chrome,6900.0,modern;minimalist,2.0,5.5,llm_estimated
K-27485IN-4-CP,faucet,,,Pillar tap in polished chrome,Pillar tap in polished chrome,3890.0,traditional;classic,3.0,4.5,llm_estimated
K-27482IN-4ND-CP,faucet,,,Single-control wall mount basin faucet t,Single-control wall mount basin faucet trim in polished chrome,4740.0,minimalist;modern,4.0,6.0,llm_estimated
K-27488IN-4ND-CP,faucet,,,Cold only wall mount basin faucet trim i,Cold only wall mount basin faucet trim in polished chrome,3660.0,minimalist;sleek,3.0,5.0,llm_estimated
K-27499IN-4FP-CP,faucet,,,Recessed bath and shower AT 235 trim in,Recessed bath and shower AT 235 trim in polished chrome,4100.0,modern;contemporary,6.0,4.0,llm_estimated
K-27477IN-4ND-CP,faucet,,,Single-control basin faucet without drai,Single-control basin faucet without drain in polished chrome,6390.0,minimalist;modern,2.5,5.0,llm_estimated
K-27484IN-4-CP,faucet,,,Pillar tap in polished chrome,Pillar tap in polished chrome,3650.0,classic;traditional,2.0,4.0,llm_estimated
K-27481IN-4ND-CP,faucet,,,Single-control wall mount basin faucet t,Single-control wall mount basin faucet trim in polished chrome,4120.0,sleek;modern,3.0,6.0,llm_estimated
K-27487IN-4ND-CP,faucet,,,Cold only wall mount basin faucet trim i,Cold only wall mount basin faucet trim in polished chrome,3420.0,minimalist;sleek,2.0,5.5,llm_estimated
K-27498IN-4FP-CP,faucet,,,Recessed bath and shower AT 235 trim in,Recessed bath and shower AT 235 trim in polished chrome,3760.0,luxury;contemporary,6.0,4.0,llm_estimated
K-27493IN-CP,faucet,,,Bath spout with diverter in polished chr,Bath spout with diverter in polished chrome,4010.0,modern;sleek,2.5,8.0,llm_estimated
K-27490IN-CP,faucet,,,Bath spout without diverter in polished,Bath spout without diverter in polished chrome,2780.0,minimalist;modern,2.5,8.0,llm_estimated
K-34073IN-4ND-CP,faucet,,,Single-control tall basin faucet without,Single-control tall basin faucet without drain in polished chrome,7320.0,modern;sleek,2.5,6.0,llm_estimated
K-33913IN-4ND-CP,faucet,,,Single-control basin faucet without drai,Single-control basin faucet without drain in polished chrome,5200.0,contemporary;minimalist,2.5,5.0,llm_estimated
K-34078IN-4-CP,faucet,,,Tall pillar tap in polished chrome,Tall pillar tap in polished chrome,3560.0,classic;traditional,2.0,5.0,llm_estimated
K-34067IN-4-CP,faucet,,,Pillar tap in polished chrome,Pillar tap in polished chrome,2780.0,classic;sleek,2.5,4.0,llm_estimated
K-34039IN-4ND-CP,faucet,,,Single-control wall mount basin faucet t,Single-control wall mount basin faucet trim in polished chrome,4580.0,minimalist;modern,3.0,6.0,llm_estimated
K-33992IN-4FP-CP,faucet,,,Recessed bath and shower AT 230 trim in,Recessed bath and shower AT 230 trim in polished chrome,2530.0,sleek;contemporary,5.0,4.0,llm_estimated
K-33996IN-CP,faucet,,,Bath spout with diverter in polished chr,Bath spout with diverter in polished chrome,2780.0,sleek;modern,2.5,8.0,llm_estimated
K-33995IN-CP,faucet,,,Bath spout without diverter in polished,Bath spout without diverter in polished chrome,1800.0,sleek;minimalist,2.5,8.0,llm_estimated
K-34038IN-4ND-CP,faucet,,,Single-control tall basin faucet without,Single-control tall basin faucet without drain in polished chrome,7320.0,modern;sleek,2.0,7.0,llm_estimated
K-33999IN-4ND-CP,faucet,,,Single-control basin faucet without drai,Single-control basin faucet without drain in polished chrome,5200.0,modern;minimalist,2.0,6.0,llm_estimated
K-34040IN-4-CP,faucet,,,Tall pillar tap in polished chrome,Tall pillar tap in polished chrome,3560.0,classic;sleek,2.5,5.0,llm_estimated
K-34032IN-4-CP,faucet,,,Pillar tap in polished chrome,Pillar tap in polished chrome,2780.0,classic;traditional,2.5,4.0,llm_estimated
K-34076IN-4ND-CP,faucet,,,Single-control wall mount basin faucet t,Single-control wall mount basin faucet trim in polished chrome,4510.0,minimalist;modern;contemporary,3.0,6.0,llm_estimated
K-33645IN-4FP-CP,faucet,,,Recessed bath and shower AT 230 trim in,Recessed bath and shower AT 230 trim in polished chrome,2530.0,minimalist;sleek,6.0,4.5,llm_estimated
K-97168IN-CP,shower,,Loure,Loure,Rectangle 600mm x 800mm multifunction (4F) rainpanel in polished,700100.0,modern;sleek,23.6,31.5,llm_estimated
K-77276IN-L-CP,shower,,Beitou,Beitou,Rectangle 600mm x 800mm multifunction (3F) rainpanel in polished,545800.0,modern;sleek,23.6,31.5,llm_estimated
K-76017IN-L-CP,shower,,Beitou,Beitou,Square 500mm x 500mm multifunction (3F) rainpanel in polished chrome,394700.0,minimalist;modern,19.7,19.7,llm_estimated
K-97167IN-CP,shower,,Loure,Loure,Square 500mm x 500mm multifunction (2F) rainpanel in polished chrome,391700.0,minimalist;modern,19.7,19.7,llm_estimated
K-72830IN-L-CP,shower,,Beitou,Beitou,Wall mount rectangle 254mm x 534mm multifunction (3F) rainpanel in,303500.0,contemporary;sleek,10.0,21.0,llm_estimated
K-29959IN-CP,shower,,ModernLife Edge,ModernLife Edge,Hexagonal 425mm x 330mm dual flow rainpanel in polished chrome,139100.0,contemporary;modern,16.7,13.0,llm_estimated
K-29961IN-CP,shower,,ModernLife Edge,ModernLife Edge,Rectangle 425mm x 330mm dual flow rainpanel in polished chrome,105000.0,contemporary;sleek,16.7,13.0,llm_estimated
K-9301IN-CL-CP,shower,,ModernLife Edge,ModernLife Edge,Square 381mm single function rainhead in polished chrome,95000.0,minimalist;contemporary,15.0,15.0,llm_estimated
K-26297IN-CP,shower,,Statement,Statement,Oblong 453mm two-function rainhead in polished chrome,75800.0,modern;sleek,17.8,10.0,llm_estimated
K-9302IN-CL-CP,shower,,ModernLife Edge,ModernLife Edge,Square 330mm single function rainhead in polished chrome,65100.0,minimalist;modern,13.0,13.0,llm_estimated
K-26296IN-CP,shower,,Statement,Statement,Oblong 353mm two-function rainhead in polished chrome,64100.0,modern;sleek,13.9,13.9,llm_estimated
K-24470IN-CP,shower,,ModernLife,ModernLife,Rectangle 330mm x 230mm two-function rainhead in polished chrome,42000.0,contemporary;minimalist,13.0,9.0,llm_estimated
K-26294IN-CP,shower,,Statement,Statement,Oblong 353mm single function rainhead in polished chrome,41600.0,modern;sleek,13.9,13.9,llm_estimated
K-38629IN-CP,shower,,RainMax II,RainMax II,Square 305mm two function dual core rainhead in polished chrome,32350.0,modern;minimalist,12.0,12.0,llm_estimated
K-27731IN-CP,shower,,ModernLife,ModernLife,Rectangle 330mm x 230mm single function rainhead in polished chrome,27300.0,contemporary;minimalist,13.0,9.0,llm_estimated
K-26856IN-CP,shower,,RainMax,RainMax,Square 305mm single function dual core rainhead in polished chrome,23000.0,modern;sleek,12.0,12.0,llm_estimated
K-26855IN-CP,shower,,RainMax,RainMax,Square 254mm single function dual core rainhead in polished chrome,19150.0,modern;minimalist,10.0,10.0,llm_estimated
K-26854IN-CP,shower,,RainMax,RainMax,Round 254mm single function dual core rainhead in polished chrome,18000.0,classic;modern,10.0,10.0,llm_estimated
K-73040IN-CL-CP,shower,,Rain Duet Edge,Rain Duet Edge,Square 254mm single function Katalyst rainhead in polished chrome,15100.0,modern;sleek,10.0,10.0,llm_estimated
K-73039IN-CL-CP,shower,,Rain Duet Edge,Rain Duet Edge,Round 254mm single function Katalyst™ rainhead in polished chrome,14050.0,modern;minimalist,10.0,10.0,llm_estimated
K-38973IN-CP,shower,,Pristine,Pristine,Square 254mm single function filtered rainhead in polished chrome,12500.0,minimalist;sleek,10.0,10.0,llm_estimated
K-39507IN-CP,shower,,Rain Duet,Rain Duet,Round 254mm single function anti drip rainhead in polished chrome,12000.0,modern;minimalist,10.0,10.0,llm_estimated
K-73038IN-CL-CP,shower,,Rain Duet Edge,Rain Duet Edge,Square 203mm single function Katalyst rainhead in polished chrome,10900.0,contemporary;minimalist,8.0,8.0,llm_estimated
K-73037IN-CL-CP,shower,,Rain Duet Edge,Rain Duet Edge,Round 203mm single function Katalyst rainhead in polished chrome,9900.0,contemporary;sleek,8.0,8.0,llm_estimated
K-26290IN-CP,shower,,Statement,Statement,Oblong 202mm three function showerhead in polished chrome,8300.0,modern;sleek,8.0,4.0,llm_estimated
K-38972IN-CP,shower,,Pristine,Pristine,Square 203mm single function filtered showerhead in polished chrome,6500.0,minimalist;sleek,8.0,8.0,llm_estimated
K-72425IN-CP,shower,,Awaken,Awaken,Round organic 117mm three function showerhead in polished chrome,6250.0,natural;modern,4.6,4.6,llm_estimated
K-22645IN-CP,shower,,Parallel,Parallel,Square 127mm single function showerhead with shower arm and flange,4400.0,minimalist;contemporary,5.0,5.0,llm_estimated
K-39505IN-CP,shower,,Rain Duet,Rain Duet,Round 110mm five function showerhead in polished chrome,4000.0,modern;sleek,4.3,4.3,llm_estimated
K-36211IN-CP,shower,,APT Wide,APT Wide,Rectangle 181mm x 141mm single function showerhead in polished,3830.0,minimalist;modern,7.1,5.5,llm_estimated
K-34050IN-CP,shower,,APT Square,APT Square,Square 152mm single function showerhead in polished chrome,3620.0,minimalist;modern;sleek,6.0,6.0,llm_estimated
K-34042IN-CP,shower,,APT Round,APT Round,Round 130mm single function showerhead in polished chrome,2890.0,modern;sleek,5.0,5.0,llm_estimated
K-16356IN-A-CP,shower,,Complementary,Complementary,Round 130mm single function showerhead with shower arm and flange,2730.0,contemporary;modern,5.0,8.0,llm_estimated
K-34098IN-CP,shower,,Radiance,Radiance,Shoulder shower unit with diverter in polished chrome,18500.0,sleek;modern,4.0,4.0,llm_estimated
K-34099IN-CP,shower,,Radiance,Radiance,Shouldershowerunitwithoutdiverterinpolishedchrome,18500.0,sleek;minimalist,4.0,4.0,llm_estimated
K-26300IN-CP,shower,,Statement,Statement,Oblong Vichy body spray in polished chrome,18900.0,luxury;modern,4.0,2.0,llm_estimated
K-8002IN-CP,shower,,Watertile,Watertile,Square 54-nozzle body spray in polished chrome,13500.0,minimalist;sleek,3.0,3.0,llm_estimated
K-26299IN-CP,shower,,Statement,Statement,Round deep massage body spray in polished chrome,10700.0,modern;sleek,3.0,3.0,llm_estimated
K-28694IN-CP,shower,,Statement,Statement,Round three-function hand shower with hose with WaterMind,12900.0,contemporary;modern,4.0,9.0,llm_estimated
K-28695IN-CP,shower,,Statement,Statement,Oblong three-function hand shower with hose with WaterMind,10600.0,sleek;modern;minimalist,4.0,9.0,llm_estimated
K-97009IN-CP,shower,,Rain Duet,Rain Duet,Square three-function hand shower without hose in polished chrome,10400.0,minimalist;sleek,4.5,4.5,llm_estimated
K-39502IN-CP,shower,,Rain Duet,Rain Duet,Round three-function hand shower with purge without hose in polished,8000.0,modern;contemporary,5.0,5.0,llm_estimated
K-72421IN-CP,shower,,Awaken,Awaken,Round organic three-function hand shower with hose in polished chrome,6500.0,natural;modern,5.0,5.0,llm_estimated
K-98445IN-CP,shower,,Spatula,Spatula,Square single function large hand shower with hose in polished chrome,6600.0,sleek;minimalist,6.0,6.0,llm_estimated
K-98444IN-CP,shower,,Spatula,Spatula,Square single function small hand shower with hose in polished chrome,5500.0,minimalist;sleek,4.0,4.0,llm_estimated
K-16359IN-A-CP,shower,,Complementary,Complementary,Round single function hand shower with hose in polished chrome,2760.0,contemporary,4.5,4.5,llm_estimated
K-30318IN-CP,shower,,Complementary,Complementary,Soundtile speakers - pair in polished chrome,53600.0,modern;sleek,6.0,6.0,llm_estimated
K-30319IN-NA,shower,,Complementary,Complementary,Audio amplifier with bluetooth,68300.0,minimalist,8.0,8.0,llm_estimated
K-28212IN-NA,shower,,Anthem,Anthem,Digital6 outlet thermostatic valve,248300.0,luxury;modern,10.0,10.0,llm_estimated
K-28211IN-NA,shower,,Anthem,Anthem,Digital4 outlet thermostatic valve,193200.0,modern,8.0,8.0,llm_estimated
K-27756IN-NA,shower,,Anthem+,Anthem+,System controller module,169600.0,minimalist;sleek,8.0,8.0,llm_estimated
K-28214-ASC-BL,shower,,Anthem+,Anthem+,2-12 outlet digital control Interface in matte black,159100.0,modern;sleek;contemporary,10.0,4.0,llm_estimated
K-28214-BL,shower,,Anthem,Anthem,2-6 outlet digital control interface in matte black,128100.0,modern;sleek;contemporary,10.0,4.0,llm_estimated
K-26350IN-9-CP,shower,,Anthem,Anthem,Recessed thermostatic mechanical 6 outlet trim in polished chrome,140200.0,modern;luxury,8.0,8.0,llm_estimated
K-26348IN-9-CP,shower,,Anthem,Anthem,Recessed thermostatic mechanical 4 outlet trim in polished chrome,93500.0,modern;luxury,8.0,8.0,llm_estimated
K-26347IN-9-CP,shower,,Anthem,Anthem,Recessed thermostatic mechanical 3 outlet trim in polished chrome,46700.0,modern;luxury,8.0,8.0,llm_estimated
K-26344IN-NA,shower,,Anthem,Anthem,Recessed mechanical thermostatic 6 outlet valve,105000.0,minimalist,6.0,6.0,llm_estimated
K-26343T-NA,shower,,Anthem,Anthem,Recessed mechanical thermostatic 5 outlet valve,94700.0,minimalist,6.0,6.0,llm_estimated
K-26342IN-NA,shower,,Anthem,Anthem,Recessed mechanical thermostatic 4 outlet valve,81400.0,minimalist,6.0,6.0,llm_estimated
K-26341IN-NA,shower,,Anthem,Anthem,Recessed mechanical thermostatic 3 outlet valve,58300.0,minimalist,6.0,6.0,llm_estimated
K-20740IN-A-NA,shower,,Autosense 235+,Autosense 235+,Mechanical thermostatic2 outlet valve,15300.0,minimalist;sleek,6.0,4.0,llm_estimated
K-20742IN-9FP-CP,shower,,Autosense 235+,Autosense 235+,Thermostatic recessed bath & shower autosense 235+ square trim in,12700.0,modern;contemporary;sleek,9.0,9.0,llm_estimated
K-24431IN-9FP-CP,shower,,Autosense 235+,Autosense 235+,Thermostatic recessed bath & shower autosense 235+ universal trim in,12150.0,modern;contemporary,8.0,8.0,llm_estimated
K-99924IN-CP,shower,,Aqua Turbo 360,Aqua Turbo 360,Manual 3 outlet valve in polished chrome,15800.0,minimalist;modern,5.0,5.0,llm_estimated
K-882IN-NA,shower,,Aqua Turbo 235,Aqua Turbo 235,Manual 2 outlet valve flexi finish,5460.0,minimalist,4.0,4.0,llm_estimated
K-75201IN-CP,shower,,Aqua Turbo 230,Aqua Turbo 230,Manual 2 outlet valve in polished chrome,4480.0,minimalist;sleek,5.0,4.0,llm_estimated
K-99925IN-4FP-CP,shower,,Aqua Turbo 360,Aqua Turbo 360,AT 360 square trim in polished chrome,11550.0,modern;sleek,7.0,7.0,llm_estimated
K-5679IN-NA,shower,,Wall Mount Valve,Wall Mount Valve,Flexi finish wall mount faucet valve,4600.0,minimalist,4.0,4.0,llm_estimated
K-25150IN-NA,shower,,Wall Mount Valve,Wall Mount Valve,Single-control wall mount valve,4080.0,minimalist;traditional,4.0,4.0,llm_estimated
K-25149IN-NA,shower,,Wall Mount Valve,Wall Mount Valve,Wall mount cold only valve,2040.0,minimalist,3.0,3.0,llm_estimated
K-34080IN-4-CP,shower,,Wall Mount Valve,Wall Mount Valve,APT non-thermostatic bath and shower valve in polished chrome,8670.0,minimalist;sleek,6.0,4.0,llm_estimated
K-26326T-CP,shower,,Statement,Statement,254mm multifunction ceiling mount rainhead arm in polished chrome,20300.0,modern;luxury,10.0,10.0,llm_estimated
K-26324IN-CP,shower,,Statement,Statement,482mm dual function wall mount rainhead arm in polished chrome,20300.0,contemporary;sleek,19.0,4.0,llm_estimated
K-22310IN-CP,shower,,ModernLife,ModernLife,Ceiling mount multifunction shower arm in polished chrome,19250.0,minimalist;modern,6.0,6.0,llm_estimated
K-22308IN-CP,shower,,ModernLife,ModernLife,Wall mount shower arm (dual flow) in polished chrome,19250.0,minimalist;sleek,8.0,4.0,llm_estimated
K-20137IN-CP,shower,,Complementary,Complementary,Square ceiling mount shower arm in polished chrome,6250.0,modern;sleek,6.0,6.0,llm_estimated
K-20138IN-CP,shower,,Complementary,Complementary,Square wall mount shower arm in polished chrome,6250.0,modern;sleek,8.0,4.0,llm_estimated
K-16346IN-CP,shower,,Mastershower,Mastershower,Wall mount elbow shower arm in polished chrome,4450.0,traditional;classic,4.0,6.0,llm_estimated
K-16347IN-CP,shower,,Mastershower,Mastershower,Ceiling mount shower arm in polished chrome,4450.0,traditional;classic,4.0,4.0,llm_estimated
K-26318IN-CP,shower,,Statement,Statement,Wall mount showerhead arm in polished chrome,3450.0,contemporary;minimalist,8.0,4.0,llm_estimated
K-11623IN-CP,shower,,Rainforest,Rainforest,127mm ceiling mount shower arm in polished chrome,3200.0,minimalist;sleek,5.0,5.0,llm_estimated
K-99054IN-CP,shower,,Complementary,Complementary,Shower arm with escutcheon in polished chrome,1030.0,modern;contemporary,3.0,6.0,llm_estimated
K-16381IN-CP,shower,,Complementary,Complementary,Wall supply elbow in polished chrome,4450.0,minimalist;sleek,2.0,2.0,llm_estimated
K-72740IN-CP,shower,,Rainjoy,Rainjoy,60mm slidebar in polished chrome,4050.0,modern;sleek,2.5,24.0,llm_estimated
K-12067IN-CP,shower,,Complementary,Complementary,Hand shower hose in polished chrome,2160.0,modern;contemporary,60.0,1.0,llm_estimated
K-9038IN-CP,shower,,Complementary,Complementary,Hand shower bracket in polished chrome,1130.0,minimalist;modern,3.0,3.0,llm_estimated
K-9040IN-CP,shower,,Complementary,Complementary,Hand shower bracket in polished chrome,980.0,minimalist;modern,3.0,3.0,llm_estimated
K-10386IN-CP,shower,,Geometric,Geometric,Bath spout with diverter in polished chrome,3820.0,classic;traditional,3.0,8.0,llm_estimated
K-10385IN-CP,shower,,Complementary,Complementary,Bath spout without diverter in polished chrome,3280.0,classic;traditional,3.0,8.0,llm_estimated
K-26334IN-9-CP,shower,,Anthem,Anthem,4-way thermostatic valve and bath/shower column with multifunction,197400.0,luxury;contemporary;sleek,10.0,20.0,llm_estimated
K-99741IN-C9-CP,shower,,July,July,Thermostatic 3-way shower column in polished chrome,61650.0,modern;sleek,8.0,4.0,llm_estimated
K-20627IN-K-0,bathtub,,Hourglass,Hourglass,Integrated acrylic whirlpool in white,218500.0,modern;sleek,66.0,34.0,llm_estimated
K-18777IN-K-0,bathtub,,Emerald,Emerald,Drop-in acrylic whirlpool in white,175500.0,modern;minimalist,60.0,32.0,llm_estimated
K-1709IN-K-0,bathtub,,Ove,Ove,Drop-in acrylic whirlpool without pillow in white,165000.0,minimalist,72.0,36.0,llm_estimated
K-1404IN-K-0,bathtub,,Hourglass,Hourglass,Drop-in acrylic whirlpool in white,127000.0,contemporary,60.0,30.0,llm_estimated
K-1704T-Z-0,bathtub,,Evok,Evok,Drop-in acrylic bathtub in white,60000.0,traditional;classic,60.0,32.0,llm_estimated
K-1707T-Z-0,bathtub,,Ove,Ove,1.7M Drop-in acrylic bath in white,58000.0,classic,67.0,34.0,llm_estimated
K-18778T-0,bathtub,,Emerald,Emerald,Drop-in acrylic bathtub in white,52680.0,minimalist,72.0,36.0,llm_estimated
K-18775T-0,bathtub,,Duo,Duo,1670mm drop-in acrylic bathtub in white,42000.0,sleek,66.0,32.0,llm_estimated
K-18776T-0,bathtub,,Duo,Duo,1525mm drop-in acrylic bathtub in white,36500.0,minimalist,60.0,30.0,llm_estimated
K-15848T-0,bathtub,,Reach,Reach,1700mm drop-in acrylic bathtub in white,34000.0,contemporary;minimalist,67.0,32.0,llm_estimated
K-15847T-0,bathtub,,Reach,Reach,1500mm drop-in acrylic bathtub in white,31000.0,minimalist;modern,60.0,30.0,llm_estimated
K-25164T-0,bathtub,,Evok 2.0,Evok 2.0,1.7M Seamless rectangular freestanding bathtub in white,200000.0,minimalist;sleek;contemporary,67.0,32.0,llm_estimated
K-25165T-0,bathtub,,Evok 2.0,Evok 2.0,1.7M Seamless oval freestanding bathtub in white,200000.0,modern;sleek,67.0,32.0,llm_estimated
K-17295T-CP,bathtub,,Evok 2.0,Evok 2.0,Bath drain in polished chrome,13000.0,minimalist,0.0,0.0,llm_estimated
K-97367T-B4-CP,bathtub,,Avid,Avid,Floor mount bathtub filler with hand shower in polished chrome,135000.0,luxury;modern;sleek,0.0,0.0,llm_estimated
K-73087T-B4-CP,bathtub,,Composed,Composed,Floor mount bathtub filler with hand shower in polished chrome,105000.0,luxury;modern;sleek,0.0,0.0,llm_estimated
K-97905T-NA,bathtub,,Composed,Composed,Floor mount bath filler mounting base,24000.0,minimalist,0.0,0.0,llm_estimated
K-97904T-NA,bathtub,,Composed,Composed,Floor mount bath filler mounting base,22000.0,minimalist,0.0,0.0,llm_estimated
K-97360T-B4-CP,bathtub,,Avid,Avid,Deck-mount bathtub filler with hand shower in polished chrome,100000.0,modern;traditional,0.0,0.0,llm_estimated
K-73081T-4-CP,bathtub,,Composed,Composed,Deck-mount bathtub filler in polished chrome,59000.0,modern;traditional,0.0,0.0,llm_estimated
K-37312IN-B4-CP,bathtub,,Cuff,Cuff,3-hole bath filler with diverter for hand shower in polished chrome,32000.0,modern;sleek,0.0,0.0,llm_estimated
